Num_Threads,MB/S
1,55.09738271604938
2,86.53227272727273
4,99.57413333333334
8,41.00051612903226
10,100.48692682926828
12,62.24816666666667
14,116.183
16,124.46033333333334