Num_Threads,MB/S
1,45.67406896551724
2,43.410374999999995
4,77.78293333333333
8,82.25106666666667
10,85.6928813559322
12,61.88517647058824
14,59.46030188679246
16,40.62197530864198