Num_Threads,MB/S
1,71.14190476190477
2,71.15714285714286
4,64.06428571428572
8,18.465333333333334
10,99.0052
12,83.58181818181818
14,143.4336
16,135.79236363636366