Num_Threads,MB/S
1,55.22944927536232
2,54.660000000000004
4,67.06846153846153
8,75.0036
10,83.21600000000001
12,85.39848648648649
14,79.31416216216216
16,62.007459459459454